-- =========================================================
-- Carvix — полное наполнение БД демонстрационными данными
-- Применять ПОСЛЕ создания таблиц из script_bd.txt
-- Пароль для всех тестовых сотрудников: "password"
-- =========================================================
USE carvix;

SET FOREIGN_KEY_CHECKS = 0;
TRUNCATE TABLE ispolzovanie_zapchastey;
TRUNCATE TABLE vlozhenie;
TRUNCATE TABLE remont;
TRUNCATE TABLE zayavka;
TRUNCATE TABLE zapchast;
TRUNCATE TABLE postavshik;
TRUNCATE TABLE tip_remonta;
TRUNCATE TABLE status;
TRUNCATE TABLE transportnoe_sredstvo;
TRUNCATE TABLE sotrudnik;
TRUNCATE TABLE rol;
TRUNCATE TABLE podrazdelenie;
TRUNCATE TABLE model;
TRUNCATE TABLE marka;
SET FOREIGN_KEY_CHECKS = 1;

-- 1. Марки
INSERT INTO marka (id, nazvanie) VALUES
  (1, 'КАМАЗ'),
  (2, 'MAN'),
  (3, 'Volvo'),
  (4, 'Mercedes-Benz'),
  (5, 'ГАЗ'),
  (6, 'МАЗ'),
  (7, 'Scania'),
  (8, 'УАЗ');

-- 2. Модели
INSERT INTO model (id, marka_id, nazvanie) VALUES
  (1,  1, '65115'),
  (2,  1, '5320'),
  (3,  2, 'TGA 26.430'),
  (4,  2, 'TGS 18.440'),
  (5,  3, 'FH16'),
  (6,  3, 'FM12'),
  (7,  4, 'Actros 1845'),
  (8,  4, 'Sprinter 311'),
  (9,  5, 'Газель Next'),
  (10, 5, 'Соболь Бизнес'),
  (11, 6, '6312'),
  (12, 7, 'R 450'),
  (13, 8, 'Patriot');

-- 3. Подразделения
INSERT INTO podrazdelenie (id, nazvanie) VALUES
  (1, 'Главное управление'),
  (2, 'Автопарк №1'),
  (3, 'Автопарк №2'),
  (4, 'Ремонтный цех'),
  (5, 'Склад запчастей');

-- 4. Роли
INSERT INTO rol (id, nazvanie) VALUES
  (1, 'Аналитик'),
  (2, 'Диспетчер'),
  (3, 'Механик'),
  (4, 'Главный механик'),
  (5, 'Директор'),
  (6, 'Пользователь');

-- 5. Сотрудники (пароль для всех: "password")
SET @pwd := '$2a$10$N9qo8uLOickgx2ZMRZoMyeIjZAgcfl7p92ldGxad68LJZdL17lhWy';
INSERT INTO sotrudnik (id, fio, login, parol_hash, rol_id, podrazdelenie_id) VALUES
  (1,  'Иванов Иван Иванович',          'ivanov',    @pwd, 5, 1),
  (2,  'Петров Пётр Петрович',          'petrov',    @pwd, 4, 4),
  (3,  'Сидоров Алексей Олегович',      'sidorov',   @pwd, 3, 4),
  (4,  'Кузнецов Дмитрий Сергеевич',    'kuznetsov', @pwd, 3, 4),
  (5,  'Морозова Анна Викторовна',      'morozova',  @pwd, 2, 1),
  (6,  'Волкова Екатерина Игоревна',    'volkova',   @pwd, 1, 1),
  (7,  'Соколов Михаил Андреевич',      'sokolov',   @pwd, 6, 2),
  (8,  'Лебедев Артём Викторович',      'lebedev',   @pwd, 6, 3),
  (9,  'Новиков Юрий Павлович',         'novikov',   @pwd, 3, 4),
  (10, 'Орлова Светлана Николаевна',    'orlova',    @pwd, 2, 1),
  (11, 'Зайцев Игорь Анатольевич',      'zaytsev',   @pwd, 6, 2),
  (12, 'Фролова Мария Алексеевна',      'frolova',   @pwd, 1, 1);

-- 6. Транспортные средства
INSERT INTO transportnoe_sredstvo (id, gos_nomer, invent_nomer, model_id, podrazdelenie_id, probeg, data_vypuska, tekuschee_sostoyanie) VALUES
  (1,  'А123ВС777', 'INV-0001', 1,  2, 142500, '2018-04-15', 'В работе'),
  (2,  'В456ЕК777', 'INV-0002', 3,  2,  98000, '2020-02-10', 'На ТО'),
  (3,  'Е789РТ199', 'INV-0003', 5,  3, 215300, '2016-09-22', 'В работе'),
  (4,  'Н321КМ150', 'INV-0004', 7,  3,  67400, '2021-11-05', 'В работе'),
  (5,  'Р654СТ777', 'INV-0005', 9,  2,  45100, '2022-03-19', 'В ремонте'),
  (6,  'У987ВН199', 'INV-0006', 11, 3, 178900, '2017-07-12', 'В работе'),
  (7,  'О246АЕ150', 'INV-0007', 12, 2,  33200, '2023-01-08', 'В работе'),
  (8,  'С135ТУ77',  'INV-0008', 8,  1,  88700, '2019-06-30', 'На ТО'),
  (9,  'К864ОР197', 'INV-0009', 13, 1,  56400, '2020-12-14', 'В работе'),
  (10, 'Т579МН50',  'INV-0010', 4,  3, 124000, '2018-10-25', 'В ремонте'),
  (11, 'М112ХУ77',  'INV-0011', 2,  2, 305000, '2014-08-03', 'В работе'),
  (12, 'А777АА777', 'INV-0012', 6,  3,  72500, '2021-05-21', 'В работе');

-- 7. Статусы заявок
INSERT INTO status (id, nazvanie) VALUES
  (1, 'Новая'),
  (2, 'В работе'),
  (3, 'Выполнена'),
  (4, 'Отклонена'),
  (5, 'Ожидание запчастей'),
  (6, 'На согласовании');

-- 8. Типы ремонта
INSERT INTO tip_remonta (id, nazvanie, kategoriya) VALUES
  (1, 'ТО-1',                       'Плановый'),
  (2, 'ТО-2',                       'Плановый'),
  (3, 'Текущий ремонт',             'Внеплановый'),
  (4, 'Капитальный ремонт',         'Плановый'),
  (5, 'Неисправность двигателя',    'Внеплановый'),
  (6, 'Замена тормозных колодок',   'Внеплановый'),
  (7, 'Сезонная замена шин',        'Плановый'),
  (8, 'Электрика',                  'Внеплановый');

-- 9. Поставщики
INSERT INTO postavshik (id, nazvanie, kontakty, adres) VALUES
  (1, 'АвтоЗапчасть-Сервис', '+7 (495) 123-45-67, info@az-service.ru',  'г. Москва, ул. Промышленная, 14'),
  (2, 'ТруКамаз',            '+7 (843) 222-33-44, sales@trukamaz.ru',   'г. Казань, ул. Заводская, 9'),
  (3, 'Volvo Parts RU',      '+7 (812) 555-66-77, ru@volvoparts.com',   'г. Санкт-Петербург, Софийская ул., 60'),
  (4, 'AutoOil Group',       '+7 (495) 777-88-99, oil@autooil.ru',      'г. Москва, Дмитровское ш., 100'),
  (5, 'ШинТорг',             '+7 (499) 100-20-30, sales@shintorg.ru',   'г. Москва, МКАД 41 км'),
  (6, 'ЭлектроАвто',         '+7 (495) 321-32-13, info@elektroauto.ru', 'г. Подольск, ул. Кирова, 25');

-- 10. Запчасти
INSERT INTO zapchast (id, naimenovanie, artikul, postavshik_id, tsena, ostatok_na_sklade, kategoriya) VALUES
  (1,  'Масло моторное 10W-40, 5 л',     'AO-1040-5',   4,  2400.00,  35, 'Масло'),
  (2,  'Фильтр масляный',                'OF-K65115',   2,   850.00,  80, 'Фильтр'),
  (3,  'Фильтр воздушный',               'AF-MAN-TGA',  1,  1300.00,  42, 'Фильтр'),
  (4,  'Тормозные колодки передние',     'BP-V-FH16-F', 3,  5200.00,  18, 'Тормозные колодки'),
  (5,  'Тормозные колодки задние',       'BP-V-FH16-R', 3,  4800.00,  22, 'Тормозные колодки'),
  (6,  'Шина 315/80 R22.5',              'TR-31580225', 5, 18900.00,  24, 'Шины'),
  (7,  'Аккумулятор 190 А·ч',            'BAT-190',     6, 17500.00,   6, 'Электрика'),
  (8,  'Стартер',                        'ST-K65115',   2, 22300.00,   4, 'Электрика'),
  (9,  'Ремень ГРМ',                     'BG-MB-A',     1,  3100.00,  12, 'Ремни'),
  (10, 'Антифриз G12, 5 л',              'AF-G12-5',    4,  1200.00,  50, 'Жидкости'),
  (11, 'Тосол, 10 л',                    'AF-T-10',     4,  1900.00,  28, 'Жидкости'),
  (12, 'Лампа H7',                       'LMP-H7',      6,   350.00, 100, 'Электрика'),
  (13, 'Свечи зажигания (комплект 4 шт)','SP-4-NGK',    6,  2200.00,  40, 'Электрика'),
  (14, 'Диск тормозной передний',        'BD-V-F',      3,  6800.00,  10, 'Тормозная система'),
  (15, 'Сцепление в сборе',              'CL-MB-A',     1, 38500.00,   3, 'Трансмиссия');

-- 11. Заявки
INSERT INTO zayavka (id, data_sozdaniya, sozdatel_id, ts_id, tip_remonta_id, opisanie, status_id, prioritet, data_rezhima) VALUES
  (1,  '2026-04-10 09:15:00', 7,  1, 1, 'Плановое ТО-1, пробег 142 500 км',         3, 3, '2026-04-10 10:00:00'),
  (2,  '2026-04-12 11:42:00', 8,  2, 5, 'Двигатель плохо запускается на холодную',  2, 2, '2026-04-12 12:30:00'),
  (3,  '2026-04-13 08:20:00', 7,  3, 6, 'Скрип передних тормозов',                  3, 4, '2026-04-13 09:10:00'),
  (4,  '2026-04-15 14:05:00', 5,  5, 4, 'Стук в двигателе, требуется капремонт',    5, 1, '2026-04-15 15:00:00'),
  (5,  '2026-04-18 10:30:00', 8,  6, 7, 'Замена шин на летние',                     3, 5, '2026-04-18 11:00:00'),
  (6,  '2026-04-20 13:15:00', 7,  4, 1, 'ТО-1',                                     1, 3, NULL),
  (7,  '2026-04-22 09:00:00', 5,  7, 8, 'Не работает фара ближнего света',          2, 4, '2026-04-22 09:30:00'),
  (8,  '2026-04-23 16:40:00', 8,  8, 2, 'Плановое ТО-2',                            2, 3, '2026-04-23 17:00:00'),
  (9,  '2026-04-25 08:50:00', 7,  9, 5, 'Падает давление масла',                    6, 1, '2026-04-25 09:30:00'),
  (10, '2026-04-26 12:00:00', 5, 10, 4, 'Капитальный ремонт КПП',                   2, 1, '2026-04-26 12:30:00'),
  (11, '2026-04-27 09:20:00', 8,  1, 6, 'Замена задних колодок',                    1, 3, NULL),
  (12, '2026-04-28 11:00:00', 7,  3, 3, 'Течь антифриза',                           1, 2, NULL),
  (13, '2026-04-05 10:15:00', 11,11, 3, 'Стук в подвеске',                          4, 4, '2026-04-05 11:00:00'),
  (14, '2026-04-08 15:00:00', 7, 12, 2, 'Плановое ТО-2 (пробег 70 000)',            3, 3, '2026-04-08 16:00:00');

-- 12. Ремонты
INSERT INTO remont (id, zayavka_id, data_nachala, data_okonchaniya, mekhanik_id, glavniy_mekhanik_id, stoimost_rabot, stoimost_zapchastey, kommentariy, itog) VALUES
  (1,  1,  '2026-04-10 11:00:00', '2026-04-10 14:30:00', 3, 2,  3500.00,  3250.00, 'Замена масла и фильтров. Всё штатно.',                'Проблема устранена'),
  (2,  2,  '2026-04-12 13:00:00', NULL,                 4, 2,     0.00,     0.00, 'Диагностика топливной и системы пуска',               NULL),
  (3,  3,  '2026-04-13 10:00:00', '2026-04-13 15:00:00', 9, 2,  4200.00,  5200.00, 'Замена передних колодок, протяжка суппортов',         'Проблема устранена'),
  (4,  5,  '2026-04-18 12:00:00', '2026-04-18 17:00:00', 3, 2,  3000.00, 75600.00, 'Замена 4 шин 315/80 R22.5',                           'Проблема устранена'),
  (5,  7,  '2026-04-22 10:00:00', '2026-04-22 10:45:00', 9, 2,   500.00,   700.00, 'Замена ламп H7, диагностика проводки',                'Проблема устранена'),
  (6,  8,  '2026-04-23 18:00:00', NULL,                 4, 2,     0.00,     0.00, 'Плановое ТО-2: масло, фильтры, диагностика',          NULL),
  (7,  10, '2026-04-26 14:00:00', NULL,                 3, 2,     0.00,     0.00, 'Разборка КПП, дефектовка',                            NULL),
  (8,  14, '2026-04-08 17:00:00', '2026-04-08 21:30:00', 4, 2,  6500.00,  4550.00, 'ТО-2: масло, фильтры, антифриз, проверка тормозов',  'Проблема устранена');

-- 13. Использование запчастей
INSERT INTO ispolzovanie_zapchastey (remont_id, zapchast_id, kolichestvo, tsena_na_moment) VALUES
  (1, 1,  1, 2400.00),
  (1, 2,  1,  850.00),
  (3, 4,  1, 5200.00),
  (4, 6,  4,18900.00),
  (5, 12, 2,  350.00),
  (8, 1,  1, 2400.00),
  (8, 2,  1,  850.00),
  (8, 3,  1, 1300.00),
  (8, 10, 1, 1200.00);

-- 14. Вложения
INSERT INTO vlozhenie (id, zayavka_id, remont_id, put_faila, tip_faila, data_zagruzki) VALUES
  (1, 2,    NULL, '/uploads/2026/04/12/zayavka_2_engine.jpg',     'jpg', '2026-04-12 11:50:00'),
  (2, 4,    NULL, '/uploads/2026/04/15/zayavka_4_engine_knock.jpg','jpg', '2026-04-15 14:20:00'),
  (3, NULL, 3,    '/uploads/2026/04/13/remont_3_pads.jpg',         'jpg', '2026-04-13 15:10:00'),
  (4, 9,    NULL, '/uploads/2026/04/25/zayavka_9_oil.jpg',         'jpg', '2026-04-25 09:00:00'),
  (5, NULL, 1,    '/uploads/2026/04/10/remont_1_done.jpg',         'jpg', '2026-04-10 14:35:00'),
  (6, 5,    NULL, '/uploads/2026/04/18/zayavka_5_tires.png',       'png', '2026-04-18 10:35:00'),
  (7, NULL, 8,    '/uploads/2026/04/08/remont_8_to2.jpg',          'jpg', '2026-04-08 21:35:00'),
  (8, 12,   NULL, '/uploads/2026/04/28/zayavka_12_coolant.jpg',    'jpg', '2026-04-28 11:05:00');
